{"stats":{"minecraft:used":{"extradoors:spruce_glass_door":2,"minecraft:oak_door":6,"glassdoor:spruce_glassdoor":2,"extradoors:oak_glass_door":3,"extradoors:acacia_glass_door":2,"glassdoor:birch_glassdoor":2,"glassdoor:dark_oak_glassdoor":3,"extradoors:dark_oak_glass_door":2,"glassdoor:acacia_glassdoor":2,"glassdoor:jungle_glassdoor":2,"extradoors:iron_glass_door":3,"minecraft:glass_pane":1,"extradoors:birch_glass_door":2,"minecraft:stone":7,"extradoors:jungle_glass_door":3,"glassdoor:oak_glassdoor":3,"glassdoor:iron_glassdoor":2},"minecraft:picked_up":{"glassdoor:dark_oak_glassdoor":1},"minecraft:custom":{"minecraft:time_since_rest":49140,"minecraft:play_one_minute":49140,"minecraft:crouch_one_cm":510,"minecraft:sprint_one_cm":2561,"minecraft:walk_one_cm":12544,"minecraft:sneak_time":431,"minecraft:jump":14,"minecraft:leave_game":3,"minecraft:time_since_death":49140,"minecraft:fly_one_cm":23021}},"DataVersion":2230}