{"stats":{"minecraft:picked_up":{"glassdoor:dark_oak_glassdoor":1},"minecraft:custom":{"minecraft:time_since_rest":51867,"minecraft:play_one_minute":51867,"minecraft:crouch_one_cm":566,"minecraft:interact_with_furnace":18,"minecraft:sprint_one_cm":2561,"minecraft:walk_one_cm":14842,"minecraft:sneak_time":970,"minecraft:jump":14,"minecraft:leave_game":4,"minecraft:time_since_death":51867,"minecraft:fly_one_cm":23102},"minecraft:used":{"extradoors:spruce_glass_door":2,"minecraft:oak_door":6,"glassdoor:spruce_glassdoor":2,"simplequern:quern":1,"extradoors:oak_glass_door":3,"extradoors:acacia_glass_door":2,"glassdoor:birch_glassdoor":2,"glassdoor:dark_oak_glassdoor":3,"extradoors:dark_oak_glass_door":2,"glassdoor:acacia_glassdoor":2,"glassdoor:jungle_glassdoor":2,"extradoors:iron_glass_door":3,"minecraft:glass_pane":1,"extradoors:birch_glass_door":2,"minecraft:stone":8,"extradoors:jungle_glass_door":3,"glassdoor:oak_glassdoor":3,"glassdoor:iron_glassdoor":2}},"DataVersion":2230}