{"stats":{"minecraft:dropped":{"minecraft:iron_sword":3,"minecraft:stone":21},"minecraft:picked_up":{"minecraft:birch_log":5,"minecraft:stick":5,"minecraft:sandstone":12,"minecraft:stone":21,"bigbuckets:bigbucket":1,"flax:flax_seeds":1,"minecraft:granite":1,"minecraft:sand":65,"minecraft:iron_ore":6,"minecraft:diorite":1,"techreborn:sapphire_gem":2,"minecraft:birch_sapling":4,"minecraft:iron_sword":3,"minecraft:dirt":114,"minecraft:cobblestone":83},"minecraft:used":{"minecraft:water_bucket":21,"minecraft:diamond_pickaxe":166,"blast:naval_mine":5,"shest:emerald_shest":1,"minecraft:bucket":21,"minecraft:chest":1},"minecraft:mined":{"techreborn:sapphire_ore":1,"minecraft:iron_ore":6,"minecraft:stone":157,"minecraft:sandstone":2},"minecraft:custom":{"minecraft:open_chest":13,"minecraft:time_since_rest":64368,"minecraft:play_one_minute":64368,"minecraft:crouch_one_cm":315,"minecraft:sprint_one_cm":13406,"minecraft:damage_taken":20,"minecraft:walk_one_cm":18647,"minecraft:sneak_time":190,"minecraft:walk_under_water_one_cm":684,"minecraft:drop":24,"minecraft:jump":77,"minecraft:leave_game":8,"minecraft:time_since_death":64368,"minecraft:walk_on_water_one_cm":642,"minecraft:swim_one_cm":394,"minecraft:fall_one_cm":822,"minecraft:fly_one_cm":19990}},"DataVersion":2230}