{"stats":{"minecraft:mined":{"techreborn:sapphire_ore":1,"minecraft:iron_ore":6,"minecraft:stone":157,"minecraft:sandstone":2},"minecraft:picked_up":{"minecraft:birch_log":5,"minecraft:stick":5,"minecraft:sandstone":12,"minecraft:stone":21,"flax:flax_seeds":1,"minecraft:granite":1,"minecraft:sand":65,"minecraft:iron_ore":6,"minecraft:diorite":1,"techreborn:sapphire_gem":2,"minecraft:birch_sapling":4,"minecraft:iron_sword":3,"minecraft:dirt":114,"minecraft:cobblestone":83},"minecraft:custom":{"minecraft:time_since_rest":20194,"minecraft:play_one_minute":20194,"minecraft:crouch_one_cm":58,"minecraft:sprint_one_cm":10858,"minecraft:walk_one_cm":13488,"minecraft:sneak_time":39,"minecraft:drop":24,"minecraft:jump":45,"minecraft:leave_game":1,"minecraft:time_since_death":20194,"minecraft:fall_one_cm":418,"minecraft:fly_one_cm":13338},"minecraft:used":{"minecraft:diamond_pickaxe":166,"blast:naval_mine":5},"minecraft:dropped":{"minecraft:iron_sword":3,"minecraft:stone":21}},"DataVersion":2230}